{
  "accuracy": 0.25,
  "f1_macro": 0.1915655409934586,
  "f1_weighted": 0.2389094145112452,
  "tolerance_1_class": 0.76,
  "n_classes_present": 16,
  "classes_present": [
    150,
    200,
    250,
    300,
    350,
    400,
    450,
    500,
    600,
    700,
    800,
    900,
    1000,
    1200,
    1500,
    2000
  ],
  "n_train": 400,
  "n_test": 100,
  "best_params": {
    "max_depth": 20,
    "min_samples_leaf": 2,
    "min_samples_split": 2,
    "n_estimators": 100
  }
}